DTXSID,PREFERRED NAME,CASRN
DTXSID3021352,Titanium dioxide,13463-67-7
DTXSID9020663,Glycerol,56-81-5
DTXSID0027066,"Glycine, N-methyl-N-(1-oxododecyl)-, sodium salt",137-16-6
DTXSID1028996,"Amides, coco, N-[3-(dimethylamino)propyl], alkylation products with sodium 3-chloro-2-hydroxypropanesulfonate",70851-08-0
DTXSID30892152,"Amides, coco, N-(2-hydroxypropyl)-",68333-82-4
DTXSID6026296,Water,7732-18-5
DTXSID6028072,Cocamidopropyl betaine,61789-40-0
DTXSID6067096,"Ethanol, 2-[2-[2-(tetradecyloxy)ethoxy]ethoxy]-, hydrogen sulfate, sodium salt",25446-80-4
DTXSID0021206,"1,2-Propylene glycol",57-55-6
DTXSID0029634,Sodium hydroxide,1310-73-2
DTXSID0041303,Polyquaternium-11,53633-54-8
DTXSID00894507,".beta.-Alanine, N-(2-aminoethyl)-N-[2-(2-carboxyethoxy)ethyl]-, N-coco acyl derivs., disodium salts",68411-57-4
DTXSID1026031,Sodium dodecyl sulfate,151-21-3
DTXSID10891961,"L-Glutamic acid, N-coco acyl derivs., monosodium salts",68187-32-6
DTXSID2027462,Ammonium dodecyl sulfate,2235-54-3
DTXSID2052158,Tetrasodium glutamate diacetate,51981-21-6
DTXSID20859193,"2,4-Hexadienoic acid",22500-92-1
DTXSID3020332,Citric acid,77-92-9
DTXSID3021271,Sodium chloride,7647-14-5
DTXSID3021277,"2E,4E-Hexadienoic acid",110-44-1
DTXSID3031949,Polysorbate 20,9005-64-5
DTXSID3044598,Panthenol,16485-10-2
DTXSID501012380,"2-Propenamide, N-[3-(dimethylamino)propyl]-2-methyl-, polymer with 1-ethenyl-2-pyrrolidinone, sulfate",175893-71-7
DTXSID5026881,2-Hydroxyethyl octadecanoate,111-60-4
DTXSID50891960,"l-Glutamic acid, N-coco acyl derivs., disodium salts",68187-30-4
DTXSID6042105,Magnesium sulfate anhydrous,7487-88-9
DTXSID6046555,Climbazole,38083-17-9
DTXSID7026368,Salicylic acid,69-72-7
DTXSID7029663,Tetrasodium etidronate,3794-83-0
DTXSID7037054,Hydroxypropyl methyl cellulose,9004-65-3
DTXSID8027298,"1-Hexadecanaminium, N-(carboxymethyl)-N,N-dimethyl-, inner salt",693-33-4
DTXSID8042006,Glyceryl monooctanoate,26402-26-6
DTXSID9042417,Sodium thiosulfate,7772-98-7
DTXSID1034925,"Potassium 2,4-hexadienoate",590-00-1
DTXSID2030693,Aloe vera gel,8001-97-6
DTXSID20891891,"D-Glucopyranose, oligomeric, C8-16-alkyl glycosides",141464-42-8
DTXSID4027991,1-Hexadecanol,36653-82-4
DTXSID4044169,Corn sugar gum,11138-66-2
DTXSID8027664,Coconut oil,8001-31-8
DTXSID8074609,"Octanamide, N-hydroxy-",7377-03-9
DTXSID00892008,"Aloe barbadensis Mill., extract",94349-62-9
DTXSID1020140,Sodium benzoate,532-32-1
DTXSID20859032,Acetic acid alpha-tocopherol,7695-91-2
DTXSID20892141,Cocamidopropyl PG-dimonium chloride phosphate,83682-78-4
DTXSID70107732,"Cellulose, hexadecyl 2-hydroxyethyl ether",80455-45-4
DTXSID8021220,Quillaia extract,68990-67-0
DTXSID2027678,Lanolin,8006-54-0
DTXSID3034743,Mineral oil - includes paraffin oil,8012-95-1
DTXSID4022529,Methylparaben,99-76-3
DTXSID4027072,Sodium phenolate,139-02-6
DTXSID40892188,Cod liver oil,8001-69-2
DTXSID5032109,Talc,14807-96-6
DTXSID6027686,Petrolatum,8009-03-8
DTXSID7020215,Butylated hydroxyanisole,25013-16-5
DTXSID7035016,Zinc oxide,1314-13-2
DTXSID9021976,2-Phenoxyethanol,122-99-6
DTXSID1021455,C.I. Acid Yellow 23,1934-21-0
DTXSID1022001,Ethyl acetate,141-78-6
DTXSID1022180,"(1R,2S,5R)-(-)-Menthol",2216-51-5
DTXSID1029621,Carbonic acid sodium salt (1:2),497-19-8
DTXSID1037010,Sodium hydrogen difluoride,1333-83-1
DTXSID1044562,D&C Red No. 33,3567-66-6
DTXSID1044770,4-Methoxybenzyl acetate,104-21-2
DTXSID10891921,"Poly(oxy-1,2-ethanediyl), Î±lpha-(3-carboxy-1-oxo-3-sulfopropyl)-with-(dodecyloxy)-, sodium salt (1:2)",39354-45-5
DTXSID1094060,"2-Propenoic acid, 2-methyl-, polymer with butyl 2-propenoate and methyl 2-methyl-2-propenoate",25035-69-2
DTXSID2020189,FD&C Blue No. 1,3844-45-9
DTXSID2020216,Butylated hydroxytoluene,128-37-0
DTXSID2020630,Sodium fluoride,7681-49-4
DTXSID2023193,Lactose,63-42-3
DTXSID2029298,"alpha-Sulfo-omega-(dodecyloxy)poly(oxy-1,2-ethanediyl) sodium salt",9004-82-4
DTXSID2035223,Trisodium phosphate,7601-54-9
DTXSID3041790,Citronellal,106-23-0
DTXSID401018654,Carbomer 980,139637-85-7
DTXSID4027862,Polyethylene glycol,25322-68-3
DTXSID5025659,Methyl salicylate,119-36-8
DTXSID5044495,4-(4-Hydroxyphenyl)butan-2-one,5471-51-2
DTXSID6027260,"Octadecanoic acid, 1,2-ethanediyl ester",627-83-8
DTXSID6040111,Ethyl butyrate,105-54-4
DTXSID7027700,"White mineral oil, petroleum",8042-47-5
DTXSID8028391,"Amides, coco, N-(hydroxyethyl)",68140-00-1
DTXSID8035217,"1,3-Dimethylol-5,5-dimethylhydantoin",6440-58-0
DTXSID9020584,Ethanol,64-17-5
DTXSID9021269,Sodium bicarbonate,144-55-8
DTXSID9021392,Triethanolamine,102-71-6
DTXSID9025453,3-Methylbutyl acetate,123-92-2
DTXSID9027073,"Ethylenediaminetetraacetic acid, disodium salt",139-33-3
